[
{"file_url":"http://www.movementsdance.com:80/","timestamp":20040410070758,"file_id":"20040410070758/"},
{"file_url":"http://www.movementsdance.com:80/","timestamp":20040523141112,"file_id":"20040523141112/"},
{"file_url":"http://www.movementsdance.com:80/","timestamp":20040610090401,"file_id":"20040610090401/"},
{"file_url":"http://www.movementsdance.com:80/","timestamp":20040901183059,"file_id":"20040901183059/"},
{"file_url":"http://www.movementsdance.com:80/","timestamp":20070310191048,"file_id":"20070310191048/"},
{"file_url":"http://www.movementsdance.com:80/","timestamp":20111128162756,"file_id":"20111128162756/"},
{"file_url":"http://movementsdance.com/","timestamp":20141218040822,"file_id":"20141218040822/"},
{"file_url":"http://movementsdance.com/","timestamp":20151119025522,"file_id":"20151119025522/"},
{"file_url":"http://movementsdance.com/","timestamp":20181227205204,"file_id":"20181227205204/"},
{"file_url":"http://www.movementsdance.com:80/aboutus.html","timestamp":20060501053213,"file_id":"20060501053213/aboutus.html"},
{"file_url":"http://www.movementsdance.com:80/appearances.html","timestamp":20040413223147,"file_id":"20040413223147/appearances.html"},
{"file_url":"http://www.movementsdance.com:80/appearances.html","timestamp":20040902100741,"file_id":"20040902100741/appearances.html"},
{"file_url":"http://www.movementsdance.com:80/appearances.html","timestamp":20060501052938,"file_id":"20060501052938/appearances.html"},
{"file_url":"http://movementsdance.com:80/askew32.html","timestamp":20100824104100,"file_id":"20100824104100/askew32.html"},
{"file_url":"http://www.movementsdance.com:80/classes.html","timestamp":20040611103755,"file_id":"20040611103755/classes.html"},
{"file_url":"http://www.movementsdance.com:80/classes.html","timestamp":20040902101137,"file_id":"20040902101137/classes.html"},
{"file_url":"http://www.movementsdance.com:80/classes.html","timestamp":20060501053112,"file_id":"20060501053112/classes.html"},
{"file_url":"http://www.movementsdance.com:80/community.html","timestamp":20040413223417,"file_id":"20040413223417/community.html"},
{"file_url":"http://www.movementsdance.com:80/community.html","timestamp":20040902101300,"file_id":"20040902101300/community.html"},
{"file_url":"http://www.movementsdance.com:80/community.html","timestamp":20060501053154,"file_id":"20060501053154/community.html"},
{"file_url":"http://www.movementsdance.com:80/contact.html","timestamp":20040413223605,"file_id":"20040413223605/contact.html"},
{"file_url":"http://www.movementsdance.com:80/contact.html","timestamp":20040902101500,"file_id":"20040902101500/contact.html"},
{"file_url":"http://www.movementsdance.com:80/contact.html","timestamp":20060427035341,"file_id":"20060427035341/contact.html"},
{"file_url":"http://www.movementsdance.com:80/director.html","timestamp":20040413135514,"file_id":"20040413135514/director.html"},
{"file_url":"http://www.movementsdance.com:80/director.html","timestamp":20040902101752,"file_id":"20040902101752/director.html"},
{"file_url":"http://www.movementsdance.com:80/director.html","timestamp":20060501174349,"file_id":"20060501174349/director.html"},
{"file_url":"http://www.movementsdance.com:80/events.html","timestamp":20040902101948,"file_id":"20040902101948/events.html"},
{"file_url":"http://www.movementsdance.com:80/events.html","timestamp":20041205234316,"file_id":"20041205234316/events.html"},
{"file_url":"http://www.movementsdance.com:80/events.html","timestamp":20050204183639,"file_id":"20050204183639/events.html"},
{"file_url":"http://www.movementsdance.com:80/events.html","timestamp":20060501053106,"file_id":"20060501053106/events.html"},
{"file_url":"http://movementsdance.com/favicon.ico","timestamp":20131208111833,"file_id":"20131208111833/favicon.ico"},
{"file_url":"http://movementsdance.com/favicon.ico","timestamp":20141225175438,"file_id":"20141225175438/favicon.ico"},
{"file_url":"http://movementsdance.com/favicon.ico","timestamp":20160210075034,"file_id":"20160210075034/favicon.ico"},
{"file_url":"http://movementsdance.com/favicon.ico","timestamp":20190123174342,"file_id":"20190123174342/favicon.ico"},
{"file_url":"http://www.movementsdance.com:80/gallery.html","timestamp":20040413135702,"file_id":"20040413135702/gallery.html"},
{"file_url":"http://www.movementsdance.com:80/gallery.html","timestamp":20040902102154,"file_id":"20040902102154/gallery.html"},
{"file_url":"http://www.movementsdance.com:80/gallery.html","timestamp":20060501052948,"file_id":"20060501052948/gallery.html"},
{"file_url":"http://www.movementsdance.com:80/gallery/large/movements_01.jpg","timestamp":20060507173104,"file_id":"20060507173104/gallery/large/movements_01.jpg"},
{"file_url":"http://www.movementsdance.com:80/gallery/large/movements_02.jpg","timestamp":20060507173100,"file_id":"20060507173100/gallery/large/movements_02.jpg"},
{"file_url":"http://www.movementsdance.com:80/gallery/large/movements_03.jpg","timestamp":20060507173113,"file_id":"20060507173113/gallery/large/movements_03.jpg"},
{"file_url":"http://www.movementsdance.com:80/gallery/large/movements_04.jpg","timestamp":20060507173051,"file_id":"20060507173051/gallery/large/movements_04.jpg"},
{"file_url":"http://www.movementsdance.com:80/gallery/large/movements_07.jpg","timestamp":20041206121323,"file_id":"20041206121323/gallery/large/movements_07.jpg"},
{"file_url":"http://www.movementsdance.com:80/gallery/large/movements_15.jpg","timestamp":20040903025523,"file_id":"20040903025523/gallery/large/movements_15.jpg"},
{"file_url":"http://www.movementsdance.com:80/gallery/small/movements_01.jpg","timestamp":20060507173240,"file_id":"20060507173240/gallery/small/movements_01.jpg"},
{"file_url":"http://www.movementsdance.com:80/gallery/small/movements_02.jpg","timestamp":20060507173251,"file_id":"20060507173251/gallery/small/movements_02.jpg"},
{"file_url":"http://www.movementsdance.com:80/gallery/small/movements_03.jpg","timestamp":20060507173356,"file_id":"20060507173356/gallery/small/movements_03.jpg"},
{"file_url":"http://www.movementsdance.com:80/gallery/small/movements_04.jpg","timestamp":20040414143611,"file_id":"20040414143611/gallery/small/movements_04.jpg"},
{"file_url":"http://www.movementsdance.com:80/gallery/small/movements_05.jpg","timestamp":20060507173405,"file_id":"20060507173405/gallery/small/movements_05.jpg"},
{"file_url":"http://www.movementsdance.com:80/gallery/small/movements_06.jpg","timestamp":20060507173411,"file_id":"20060507173411/gallery/small/movements_06.jpg"},
{"file_url":"http://www.movementsdance.com:80/gallery/small/movements_07.jpg","timestamp":20060507173417,"file_id":"20060507173417/gallery/small/movements_07.jpg"},
{"file_url":"http://www.movementsdance.com:80/gallery/small/movements_08.jpg","timestamp":20060507173424,"file_id":"20060507173424/gallery/small/movements_08.jpg"},
{"file_url":"http://www.movementsdance.com:80/gallery/small/movements_09.jpg","timestamp":20060507173430,"file_id":"20060507173430/gallery/small/movements_09.jpg"},
{"file_url":"http://www.movementsdance.com:80/gallery/small/movements_10.jpg","timestamp":20060507173436,"file_id":"20060507173436/gallery/small/movements_10.jpg"},
{"file_url":"http://www.movementsdance.com:80/gallery/small/movements_11.jpg","timestamp":20060507173444,"file_id":"20060507173444/gallery/small/movements_11.jpg"},
{"file_url":"http://www.movementsdance.com:80/gallery/small/movements_12.jpg","timestamp":20060507173515,"file_id":"20060507173515/gallery/small/movements_12.jpg"},
{"file_url":"http://www.movementsdance.com:80/gallery/small/movements_13.jpg","timestamp":20060507173040,"file_id":"20060507173040/gallery/small/movements_13.jpg"},
{"file_url":"http://www.movementsdance.com:80/gallery/small/movements_14.jpg","timestamp":20060507173045,"file_id":"20060507173045/gallery/small/movements_14.jpg"},
{"file_url":"http://www.movementsdance.com:80/gallery/small/movements_15.jpg","timestamp":20060507173529,"file_id":"20060507173529/gallery/small/movements_15.jpg"},
{"file_url":"http://www.movementsdance.com:80/get.html","timestamp":20040413135930,"file_id":"20040413135930/get.html"},
{"file_url":"http://www.movementsdance.com:80/history.html","timestamp":20040413140038,"file_id":"20040413140038/history.html"},
{"file_url":"http://www.movementsdance.com:80/history.html","timestamp":20040902102334,"file_id":"20040902102334/history.html"},
{"file_url":"http://www.movementsdance.com:80/images/2dancers.jpg","timestamp":20060504191049,"file_id":"20060504191049/images/2dancers.jpg"},
{"file_url":"http://www.movementsdance.com:80/images/logo.gif","timestamp":20060501053200,"file_id":"20060501053200/images/logo.gif"},
{"file_url":"http://www.movementsdance.com:80/images/main.jpg","timestamp":20060504191104,"file_id":"20060504191104/images/main.jpg"},
{"file_url":"http://www.movementsdance.com:80/index.html","timestamp":20040413140215,"file_id":"20040413140215/index.html"},
{"file_url":"http://www.movementsdance.com:80/index.html","timestamp":20040902102552,"file_id":"20040902102552/index.html"},
{"file_url":"http://www.movementsdance.com:80/index.html","timestamp":20060501053106,"file_id":"20060501053106/index.html"},
{"file_url":"http://www.movementsdance.com:80/meetus.html","timestamp":20060501053154,"file_id":"20060501053154/meetus.html"},
{"file_url":"http://www.movementsdance.com:80/movements/appearance2.htm","timestamp":20070310165354,"file_id":"20070310165354/movements/appearance2.htm"},
{"file_url":"http://www.movementsdance.com:80/movements/appearance2.htm","timestamp":20070912101100,"file_id":"20070912101100/movements/appearance2.htm"},
{"file_url":"http://www.movementsdance.com:80/movements/appearance2.htm","timestamp":20110319185831,"file_id":"20110319185831/movements/appearance2.htm"},
{"file_url":"http://www.movementsdance.com:80/movements/appearance2.htm","timestamp":20160126002118,"file_id":"20160126002118/movements/appearance2.htm"},
{"file_url":"http://www.movementsdance.com:80/movements/classes.htm","timestamp":20070310171613,"file_id":"20070310171613/movements/classes.htm"},
{"file_url":"http://www.movementsdance.com:80/movements/classes.htm","timestamp":20110317012922,"file_id":"20110317012922/movements/classes.htm"},
{"file_url":"http://www.movementsdance.com:80/movements/classes.htm","timestamp":20160126002122,"file_id":"20160126002122/movements/classes.htm"},
{"file_url":"http://www.movementsdance.com:80/movements/community2.htm","timestamp":20070313182144,"file_id":"20070313182144/movements/community2.htm"},
{"file_url":"http://www.movementsdance.com:80/movements/community2.htm","timestamp":20110318230815,"file_id":"20110318230815/movements/community2.htm"},
{"file_url":"http://www.movementsdance.com:80/movements/community2.htm","timestamp":20160126002127,"file_id":"20160126002127/movements/community2.htm"},
{"file_url":"http://www.movementsdance.com:80/movements/contactus.html","timestamp":20110317012709,"file_id":"20110317012709/movements/contactus.html"},
{"file_url":"http://www.movementsdance.com:80/movements/contactus.html","timestamp":20160126002132,"file_id":"20160126002132/movements/contactus.html"},
{"file_url":"http://www.movementsdance.com:80/movements/dancers.htm","timestamp":20070310172225,"file_id":"20070310172225/movements/dancers.htm"},
{"file_url":"http://movementsdance.com:80/movements/dancers.htm","timestamp":20090819115444,"file_id":"20090819115444/movements/dancers.htm"},
{"file_url":"http://www.movementsdance.com:80/movements/dancers.htm","timestamp":20110315095739,"file_id":"20110315095739/movements/dancers.htm"},
{"file_url":"http://www.movementsdance.com:80/movements/dancers.htm","timestamp":20160124221732,"file_id":"20160124221732/movements/dancers.htm"},
{"file_url":"http://www.movementsdance.com:80/movements/design2.htm","timestamp":20070310165008,"file_id":"20070310165008/movements/design2.htm"},
{"file_url":"http://movementsdance.com:80/movements/design2.htm","timestamp":20090803123416,"file_id":"20090803123416/movements/design2.htm"},
{"file_url":"http://www.movementsdance.com:80/movements/design2.htm","timestamp":20110318230829,"file_id":"20110318230829/movements/design2.htm"},
{"file_url":"http://www.movementsdance.com:80/movements/design2.htm","timestamp":20120110041451,"file_id":"20120110041451/movements/design2.htm"},
{"file_url":"http://www.movementsdance.com:80/movements/design2.htm","timestamp":20190111030741,"file_id":"20190111030741/movements/design2.htm"},
{"file_url":"http://www.movementsdance.com:80/movements/director2.htm","timestamp":20070310165209,"file_id":"20070310165209/movements/director2.htm"},
{"file_url":"http://www.movementsdance.com:80/movements/director2.htm","timestamp":20110319185905,"file_id":"20110319185905/movements/director2.htm"},
{"file_url":"http://www.movementsdance.com:80/movements/director2.htm","timestamp":20160125003010,"file_id":"20160125003010/movements/director2.htm"},
{"file_url":"http://www.movementsdance.com:80/movements/fullsize/pic01.htm","timestamp":20070310190742,"file_id":"20070310190742/movements/fullsize/pic01.htm"},
{"file_url":"http://www.movementsdance.com:80/movements/gallery.htm","timestamp":20070310164557,"file_id":"20070310164557/movements/gallery.htm"},
{"file_url":"http://movementsdance.com:80/movements/gallery.htm","timestamp":20090803144432,"file_id":"20090803144432/movements/gallery.htm"},
{"file_url":"http://www.movementsdance.com:80/movements/gallery.htm","timestamp":20110317012901,"file_id":"20110317012901/movements/gallery.htm"},
{"file_url":"http://www.movementsdance.com:80/movements/gallery.htm","timestamp":20160126002138,"file_id":"20160126002138/movements/gallery.htm"},
{"file_url":"http://www.movementsdance.com:80/movements/gallery2.htm","timestamp":20070310172123,"file_id":"20070310172123/movements/gallery2.htm"},
{"file_url":"http://movementsdance.com:80/movements/gallery2.htm","timestamp":20090723072343,"file_id":"20090723072343/movements/gallery2.htm"},
{"file_url":"http://www.movementsdance.com:80/movements/getfest.htm","timestamp":20070310172409,"file_id":"20070310172409/movements/getfest.htm"},
{"file_url":"http://www.movementsdance.com:80/movements/getfest.htm","timestamp":20110317012926,"file_id":"20110317012926/movements/getfest.htm"},
{"file_url":"http://www.movementsdance.com:80/movements/getfest.htm","timestamp":20160126002152,"file_id":"20160126002152/movements/getfest.htm"},
{"file_url":"http://www.movementsdance.com:80/movements/images/appearance.png","timestamp":20070313182516,"file_id":"20070313182516/movements/images/appearance.png"},
{"file_url":"http://www.movementsdance.com:80/movements/images/appearance2.png","timestamp":20070313182549,"file_id":"20070313182549/movements/images/appearance2.png"},
{"file_url":"http://www.movementsdance.com:80/movements/images/artistic.png","timestamp":20070313182357,"file_id":"20070313182357/movements/images/artistic.png"},
{"file_url":"http://movementsdance.com/movements/images/back2.jpg","timestamp":20190505043213,"file_id":"20190505043213/movements/images/back2.jpg"},
{"file_url":"http://www.movementsdance.com:80/movements/images/banner.jpg","timestamp":20070313182114,"file_id":"20070313182114/movements/images/banner.jpg"},
{"file_url":"http://www.movementsdance.com:80/movements/images/banner2.jpg","timestamp":20070313182034,"file_id":"20070313182034/movements/images/banner2.jpg"},
{"file_url":"http://movementsdance.com/movements/images/banner4.jpg","timestamp":20140514145335,"file_id":"20140514145335/movements/images/banner4.jpg"},
{"file_url":"http://movementsdance.com/movements/images/banner4.jpg","timestamp":20181211090317,"file_id":"20181211090317/movements/images/banner4.jpg"},
{"file_url":"http://movementsdance.com/movements/images/blog.gif","timestamp":20131208112525,"file_id":"20131208112525/movements/images/blog.gif"},
{"file_url":"http://www.movementsdance.com:80/movements/images/classes.png","timestamp":20070313182134,"file_id":"20070313182134/movements/images/classes.png"},
{"file_url":"http://www.movementsdance.com:80/movements/images/classes2.png","timestamp":20070313182408,"file_id":"20070313182408/movements/images/classes2.png"},
{"file_url":"http://www.movementsdance.com:80/movements/images/community.png","timestamp":20070313182427,"file_id":"20070313182427/movements/images/community.png"},
{"file_url":"http://www.movementsdance.com:80/movements/images/community2.png","timestamp":20070313182536,"file_id":"20070313182536/movements/images/community2.png"},
{"file_url":"http://www.movementsdance.com:80/movements/images/dancers.png","timestamp":20070313181955,"file_id":"20070313181955/movements/images/dancers.png"},
{"file_url":"http://movementsdance.com/movements/images/facebook.gif","timestamp":20131208111344,"file_id":"20131208111344/movements/images/facebook.gif"},
{"file_url":"http://www.movementsdance.com:80/movements/images/gallery.png","timestamp":20070313182214,"file_id":"20070313182214/movements/images/gallery.png"},
{"file_url":"http://www.movementsdance.com:80/movements/images/garfield.png","timestamp":20070313182024,"file_id":"20070313182024/movements/images/garfield.png"},
{"file_url":"http://www.movementsdance.com:80/movements/images/getfest.png","timestamp":20070313182044,"file_id":"20070313182044/movements/images/getfest.png"},
{"file_url":"http://www.movementsdance.com:80/movements/images/guest.png","timestamp":20070313182327,"file_id":"20070313182327/movements/images/guest.png"},
{"file_url":"http://www.movementsdance.com:80/movements/images/h3_2.png","timestamp":20070313182014,"file_id":"20070313182014/movements/images/h3_2.png"},
{"file_url":"http://movementsdance.com/movements/images/h3_2.png","timestamp":20181211054941,"file_id":"20181211054941/movements/images/h3_2.png"},
{"file_url":"http://www.movementsdance.com:80/movements/images/index.jpg","timestamp":20070313182338,"file_id":"20070313182338/movements/images/index.jpg"},
{"file_url":"http://movementsdance.com/movements/images/index.jpg","timestamp":20131208113227,"file_id":"20131208113227/movements/images/index.jpg"},
{"file_url":"http://www.movementsdance.com:80/movements/images/kapri.png","timestamp":20070313182418,"file_id":"20070313182418/movements/images/kapri.png"},
{"file_url":"http://www.movementsdance.com:80/movements/images/principal.png","timestamp":20070313182440,"file_id":"20070313182440/movements/images/principal.png"},
{"file_url":"http://movementsdance.com/movements/images/principal.png","timestamp":20181129044449,"file_id":"20181129044449/movements/images/principal.png"},
{"file_url":"http://www.movementsdance.com:80/movements/images/publicity.png","timestamp":20070313182447,"file_id":"20070313182447/movements/images/publicity.png"},
{"file_url":"http://www.movementsdance.com:80/movements/images/sharlene.png","timestamp":20070313182237,"file_id":"20070313182237/movements/images/sharlene.png"},
{"file_url":"http://www.movementsdance.com:80/movements/images/tail.jpg","timestamp":20070313182054,"file_id":"20070313182054/movements/images/tail.jpg"},
{"file_url":"http://www.movementsdance.com:80/movements/images/thumbnails/pic01.jpg","timestamp":20070313182559,"file_id":"20070313182559/movements/images/thumbnails/pic01.jpg"},
{"file_url":"http://www.movementsdance.com:80/movements/images/thumbnails/pic02.jpg","timestamp":20070313182610,"file_id":"20070313182610/movements/images/thumbnails/pic02.jpg"},
{"file_url":"http://www.movementsdance.com:80/movements/images/thumbnails/pic03.jpg","timestamp":20070313182620,"file_id":"20070313182620/movements/images/thumbnails/pic03.jpg"},
{"file_url":"http://www.movementsdance.com:80/movements/images/thumbnails/pic04.jpg","timestamp":20070313182631,"file_id":"20070313182631/movements/images/thumbnails/pic04.jpg"},
{"file_url":"http://www.movementsdance.com:80/movements/images/thumbnails/pic05.jpg","timestamp":20070313182641,"file_id":"20070313182641/movements/images/thumbnails/pic05.jpg"},
{"file_url":"http://www.movementsdance.com:80/movements/images/thumbnails/pic07.jpg","timestamp":20070313182652,"file_id":"20070313182652/movements/images/thumbnails/pic07.jpg"},
{"file_url":"http://www.movementsdance.com:80/movements/images/thumbnails/pic08.jpg","timestamp":20070313182702,"file_id":"20070313182702/movements/images/thumbnails/pic08.jpg"},
{"file_url":"http://www.movementsdance.com:80/movements/images/thumbnails/pic09.jpg","timestamp":20070313233346,"file_id":"20070313233346/movements/images/thumbnails/pic09.jpg"},
{"file_url":"http://www.movementsdance.com:80/movements/images/thumbnails/pic10.jpg","timestamp":20070313182713,"file_id":"20070313182713/movements/images/thumbnails/pic10.jpg"},
{"file_url":"http://www.movementsdance.com:80/movements/images/thumbnails/pic11.jpg","timestamp":20070313182722,"file_id":"20070313182722/movements/images/thumbnails/pic11.jpg"},
{"file_url":"http://www.movementsdance.com:80/movements/images/thumbnails/pic12.jpg","timestamp":20070313182734,"file_id":"20070313182734/movements/images/thumbnails/pic12.jpg"},
{"file_url":"http://www.movementsdance.com:80/movements/images/thumbnails/pic14.jpg","timestamp":20070313182745,"file_id":"20070313182745/movements/images/thumbnails/pic14.jpg"},
{"file_url":"http://www.movementsdance.com:80/movements/images/thumbnails/pic15.jpg","timestamp":20070313233303,"file_id":"20070313233303/movements/images/thumbnails/pic15.jpg"},
{"file_url":"http://www.movementsdance.com:80/movements/images/thumbnails/pic16.jpg","timestamp":20070313182755,"file_id":"20070313182755/movements/images/thumbnails/pic16.jpg"},
{"file_url":"http://www.movementsdance.com:80/movements/images/thumbnails/pic17.jpg","timestamp":20070313233502,"file_id":"20070313233502/movements/images/thumbnails/pic17.jpg"},
{"file_url":"http://www.movementsdance.com:80/movements/images/thumbnails/pic18.jpg","timestamp":20070313233512,"file_id":"20070313233512/movements/images/thumbnails/pic18.jpg"},
{"file_url":"http://www.movementsdance.com:80/movements/images/thumbnails/pic19.jpg","timestamp":20070313233450,"file_id":"20070313233450/movements/images/thumbnails/pic19.jpg"},
{"file_url":"http://www.movementsdance.com:80/movements/images/thumbnails/pic20.jpg","timestamp":20070313233415,"file_id":"20070313233415/movements/images/thumbnails/pic20.jpg"},
{"file_url":"http://www.movementsdance.com:80/movements/images/thumbnails/pic21.jpg","timestamp":20070313233312,"file_id":"20070313233312/movements/images/thumbnails/pic21.jpg"},
{"file_url":"http://www.movementsdance.com:80/movements/images/thumbnails/pic22.jpg","timestamp":20070313233355,"file_id":"20070313233355/movements/images/thumbnails/pic22.jpg"},
{"file_url":"http://movementsdance.com/movements/images/twitter.gif","timestamp":20131208113106,"file_id":"20131208113106/movements/images/twitter.gif"},
{"file_url":"http://www.movementsdance.com:80/movements/mystyle1.css","timestamp":20070313182305,"file_id":"20070313182305/movements/mystyle1.css"},
{"file_url":"http://movementsdance.com/movements/mystyle1.css","timestamp":20140513095418,"file_id":"20140513095418/movements/mystyle1.css"},
{"file_url":"http://movementsdance.com/movements/mystyle1.css","timestamp":20181129031257,"file_id":"20181129031257/movements/mystyle1.css"},
{"file_url":"http://www.movementsdance.com:80/movements/mystyle2.css","timestamp":20070313182154,"file_id":"20070313182154/movements/mystyle2.css"},
{"file_url":"http://movementsdance.com/movements/mystyle2.css","timestamp":20131208110127,"file_id":"20131208110127/movements/mystyle2.css"},
{"file_url":"http://movementsdance.com/movements/pngfix.js","timestamp":20140513234431,"file_id":"20140513234431/movements/pngfix.js"},
{"file_url":"http://movementsdance.com/movements/pngfix.js","timestamp":20181211051546,"file_id":"20181211051546/movements/pngfix.js"},
{"file_url":"http://www.movementsdance.com:80/movements/publicity2.htm","timestamp":20070310190352,"file_id":"20070310190352/movements/publicity2.htm"},
{"file_url":"http://www.movementsdance.com:80/movements/publicity2.htm","timestamp":20110317012931,"file_id":"20110317012931/movements/publicity2.htm"},
{"file_url":"http://www.movementsdance.com:80/movements/publicity2.htm","timestamp":20160126002157,"file_id":"20160126002157/movements/publicity2.htm"},
{"file_url":"http://www.movementsdance.com:80/movements/sponsors.html","timestamp":20160126002235,"file_id":"20160126002235/movements/sponsors.html"},
{"file_url":"http://movementsdance.com:80/movements/whatshappening.html","timestamp":20090805050337,"file_id":"20090805050337/movements/whatshappening.html"},
{"file_url":"http://www.movementsdance.com:80/movements/whatshappening.html","timestamp":20110317012937,"file_id":"20110317012937/movements/whatshappening.html"},
{"file_url":"http://www.movementsdance.com:80/movements/whatshappening.html","timestamp":20110519204802,"file_id":"20110519204802/movements/whatshappening.html"},
{"file_url":"http://www.movementsdance.com:80/movements/whatshappening.html","timestamp":20160125003020,"file_id":"20160125003020/movements/whatshappening.html"},
{"file_url":"http://www.movementsdance.com:80/pdf/getfest_fundraiserposter.pdf","timestamp":20060504191019,"file_id":"20060504191019/pdf/getfest_fundraiserposter.pdf"},
{"file_url":"http://www.movementsdance.com:80/pdf/getfest_poster.pdf","timestamp":20060504191028,"file_id":"20060504191028/pdf/getfest_poster.pdf"},
{"file_url":"http://www.movementsdance.com:80/publicity.html","timestamp":20060501053220,"file_id":"20060501053220/publicity.html"},
{"file_url":"http://www.movementsdance.com:80/robots.txt","timestamp":20040410070758,"file_id":"20040410070758/robots.txt"},
{"file_url":"http://www.movementsdance.com:80/robots.txt","timestamp":20040523141112,"file_id":"20040523141112/robots.txt"},
{"file_url":"http://www.movementsdance.com:80/robots.txt","timestamp":20040610090401,"file_id":"20040610090401/robots.txt"},
{"file_url":"http://www.movementsdance.com:80/robots.txt","timestamp":20051119141925,"file_id":"20051119141925/robots.txt"},
{"file_url":"http://movementsdance.com/robots.txt","timestamp":20110916233119,"file_id":"20110916233119/robots.txt"},
{"file_url":"http://movementsdance.com/robots.txt","timestamp":20110923120205,"file_id":"20110923120205/robots.txt"},
{"file_url":"http://movementsdance.com/robots.txt","timestamp":20111219100731,"file_id":"20111219100731/robots.txt"},
{"file_url":"http://movementsdance.com/robots.txt","timestamp":20130101040921,"file_id":"20130101040921/robots.txt"},
{"file_url":"http://www.movementsdance.com/robots.txt","timestamp":20130106153530,"file_id":"20130106153530/robots.txt"},
{"file_url":"http://movementsdance.com/robots.txt","timestamp":20130321160415,"file_id":"20130321160415/robots.txt"},
{"file_url":"http://movementsdance.com/robots.txt","timestamp":20130507002918,"file_id":"20130507002918/robots.txt"},
{"file_url":"http://movementsdance.com/robots.txt","timestamp":20130618103635,"file_id":"20130618103635/robots.txt"},
{"file_url":"http://movementsdance.com/robots.txt","timestamp":20130623155916,"file_id":"20130623155916/robots.txt"},
{"file_url":"http://www.movementsdance.com/robots.txt","timestamp":20130812062949,"file_id":"20130812062949/robots.txt"},
{"file_url":"http://movementsdance.com/robots.txt","timestamp":20130812062950,"file_id":"20130812062950/robots.txt"},
{"file_url":"http://www.movementsdance.com/robots.txt","timestamp":20130827184817,"file_id":"20130827184817/robots.txt"},
{"file_url":"http://movementsdance.com/robots.txt","timestamp":20130827184818,"file_id":"20130827184818/robots.txt"},
{"file_url":"http://www.movementsdance.com/robots.txt","timestamp":20130903013914,"file_id":"20130903013914/robots.txt"},
{"file_url":"http://movementsdance.com/robots.txt","timestamp":20130903013915,"file_id":"20130903013915/robots.txt"},
{"file_url":"http://www.movementsdance.com/robots.txt","timestamp":20130912210610,"file_id":"20130912210610/robots.txt"},
{"file_url":"http://movementsdance.com/robots.txt","timestamp":20130915212441,"file_id":"20130915212441/robots.txt"},
{"file_url":"http://movementsdance.com/robots.txt","timestamp":20131011075410,"file_id":"20131011075410/robots.txt"},
{"file_url":"http://movementsdance.com/robots.txt","timestamp":20131015162730,"file_id":"20131015162730/robots.txt"},
{"file_url":"http://movementsdance.com/robots.txt","timestamp":20131208110106,"file_id":"20131208110106/robots.txt"},
{"file_url":"http://movementsdance.com/robots.txt","timestamp":20141218040819,"file_id":"20141218040819/robots.txt"},
{"file_url":"http://movementsdance.com/robots.txt","timestamp":20150805031510,"file_id":"20150805031510/robots.txt"},
{"file_url":"http://movementsdance.com/robots.txt","timestamp":20151119025519,"file_id":"20151119025519/robots.txt"},
{"file_url":"http://movementsdance.com/robots.txt","timestamp":20181129031254,"file_id":"20181129031254/robots.txt"},
{"file_url":"http://movementsdance.com/robots.txt","timestamp":20181227205201,"file_id":"20181227205201/robots.txt"},
]